<addon id="plugin.video.speedtv"
       name="SpeedTV"
       version="1.0.2"
       provider-name="Castro">

  <requires>
    <import addon="xbmc.python" version="3.0.0"/>
  </requires>

  <extension
      point="xbmc.python.pluginsource"
      library="addon.py">
    <provides>video</provides>
  </extension>

  <extension point="xbmc.addon.metadata">
    <summary>SpeedTV IPTV</summary>
    <description>Addon IPTV SpeedTV</description>
    <platform>all</platform>
  </extension>

</addon>