<addon id="plugin.video.speedtv"
       name="SpeedTV - FREE"
       version="1.0.2"
       provider-name="Castro">

  <requires>
    <import addon="xbmc.python" version="3.0.0"/>
  </requires>

  <extension
      point="xbmc.python.pluginsource"
      library="addon.py">
    <provides>video</provides>
  </extension>

  <extension point="xbmc.addon.metadata">
    <summary>SpeedTV com api propia!</summary>
    <description>SpeedTV - versao de gratis procs</description>
    <platform>all</platform>
  </extension>

</addon>